{
  "project_info": {
    "project_number": "904042088201",
    "project_id": "novigraduser",
    "storage_bucket": "novigraduser.appspot.com"
  },
  "client": [
    {
      "client_info": {
        "mobilesdk_app_id": "1:904042088201:android:adb035884c91336cdd75d8",
        "android_client_info": {
          "package_name": "com.example.myapplication"
        }
      },
      "oauth_client": [],
      "api_key": [
        {
          "current_key": "AIzaSyCIsBt3hW_Sbw_665oCbd5T-yGu4K3D5nY"
        }
      ],
      "services": {
        "appinvite_service": {
          "other_platform_oauth_client": []
        }
      }
    }
  ],
  "configuration_version": "1"
}